workload,variant,structure,n,run,time_ms,steps,moves,comparisons,checksum
W1,-,DynamicArray,100,1,0.0814,10000,0,0,-702573160244277354
W1,-,DynamicArray,100,2,0.0821,10000,0,0,-702573160244277354
W1,-,DynamicArray,100,3,0.0815,10000,0,0,-702573160244277354
W1,-,DynamicArray,100,4,0.0814,10000,0,0,-702573160244277354
W1,-,DynamicArray,100,5,0.0814,10000,0,0,-702573160244277354
W2,-,DynamicArray,100,1,0.0962,75375,0,75375,500
W2,-,DynamicArray,100,2,0.1016,75375,0,75375,500
W2,-,DynamicArray,100,3,0.0564,75375,0,75375,500
W2,-,DynamicArray,100,4,0.0721,75375,0,75375,500
W2,-,DynamicArray,100,5,0.0936,75375,0,75375,500
W3,head,DynamicArray,100,1,0.678,1201920,1200920,0,-723702867588413083
W3,head,DynamicArray,100,2,0.5246,1201920,1200920,0,-723702867588413083
W3,head,DynamicArray,100,3,0.6313,1201920,1200920,0,-723702867588413083
W3,head,DynamicArray,100,4,0.5241,1201920,1200920,0,-723702867588413083
W3,head,DynamicArray,100,5,0.4562,1201920,1200920,0,-723702867588413083
W3,middle,DynamicArray,100,1,0.4113,1101920,1100920,0,-723702867588413083
W3,middle,DynamicArray,100,2,0.398,1101920,1100920,0,-723702867588413083
W3,middle,DynamicArray,100,3,0.3998,1101920,1100920,0,-723702867588413083
W3,middle,DynamicArray,100,4,0.4893,1101920,1100920,0,-723702867588413083
W3,middle,DynamicArray,100,5,0.7208,1101920,1100920,0,-723702867588413083
W1,-,MyLinkedList,100,1,0.6483,501327,0,0,-702573160244277354
W1,-,MyLinkedList,100,2,0.6456,501327,0,0,-702573160244277354
W1,-,MyLinkedList,100,3,0.6447,501327,0,0,-702573160244277354
W1,-,MyLinkedList,100,4,0.6535,501327,0,0,-702573160244277354
W1,-,MyLinkedList,100,5,0.6526,501327,0,0,-702573160244277354
W2,-,MyLinkedList,100,1,0.1454,74875,0,75375,500
W2,-,MyLinkedList,100,2,0.1597,74875,0,75375,500
W2,-,MyLinkedList,100,3,0.1455,74875,0,75375,500
W2,-,MyLinkedList,100,4,0.1452,74875,0,75375,500
W2,-,MyLinkedList,100,5,0.1447,74875,0,75375,500
W3,head,MyLinkedList,100,1,0.034,1000,3000,0,-723702867588413083
W3,head,MyLinkedList,100,2,0.0222,1000,3000,0,-723702867588413083
W3,head,MyLinkedList,100,3,0.0473,1000,3000,0,-723702867588413083
W3,head,MyLinkedList,100,4,0.0438,1000,3000,0,-723702867588413083
W3,head,MyLinkedList,100,5,0.0309,1000,3000,0,-723702867588413083
W3,middle,MyLinkedList,100,1,0.2128,101000,3000,0,-723702867588413083
W3,middle,MyLinkedList,100,2,0.2084,101000,3000,0,-723702867588413083
W3,middle,MyLinkedList,100,3,0.202,101000,3000,0,-723702867588413083
W3,middle,MyLinkedList,100,4,0.1891,101000,3000,0,-723702867588413083
W3,middle,MyLinkedList,100,5,0.205,101000,3000,0,-723702867588413083
W4,-,MinHeap,100,1,0.0067,1964,1229,1035,3844291739781509425
W4,-,MinHeap,100,2,0.0059,1964,1229,1035,3844291739781509425
W4,-,MinHeap,100,3,0.0064,1964,1229,1035,3844291739781509425
W4,-,MinHeap,100,4,0.0034,1964,1229,1035,3844291739781509425
W4,-,MinHeap,100,5,0.0035,1964,1229,1035,3844291739781509425
W1,-,DynamicArray,1000,1,0.0815,10000,0,0,6992822095121626875
W1,-,DynamicArray,1000,2,0.0818,10000,0,0,6992822095121626875
W1,-,DynamicArray,1000,3,0.0813,10000,0,0,6992822095121626875
W1,-,DynamicArray,1000,4,0.0818,10000,0,0,6992822095121626875
W1,-,DynamicArray,1000,5,0.0814,10000,0,0,6992822095121626875
W2,-,DynamicArray,1000,1,0.398,750836,0,750836,500
W2,-,DynamicArray,1000,2,0.468,750836,0,750836,500
W2,-,DynamicArray,1000,3,0.3985,750836,0,750836,500
W2,-,DynamicArray,1000,4,0.4767,750836,0,750836,500
W2,-,DynamicArray,1000,5,0.5525,750836,0,750836,500
W3,head,DynamicArray,1000,1,1.0124,3001024,3000024,0,3105197405349694015
W3,head,DynamicArray,1000,2,1.8882,3001024,3000024,0,3105197405349694015
W3,head,DynamicArray,1000,3,1.8544,3001024,3000024,0,3105197405349694015
W3,head,DynamicArray,1000,4,1.7782,3001024,3000024,0,3105197405349694015
W3,head,DynamicArray,1000,5,1.8945,3001024,3000024,0,3105197405349694015
W3,middle,DynamicArray,1000,1,1.314,2001024,2000024,0,3105197405349694015
W3,middle,DynamicArray,1000,2,1.2871,2001024,2000024,0,3105197405349694015
W3,middle,DynamicArray,1000,3,1.2875,2001024,2000024,0,3105197405349694015
W3,middle,DynamicArray,1000,4,1.287,2001024,2000024,0,3105197405349694015
W3,middle,DynamicArray,1000,5,1.289,2001024,2000024,0,3105197405349694015
W1,-,MyLinkedList,1000,1,9.2908,5011262,0,0,6992822095121626875
W1,-,MyLinkedList,1000,2,9.2156,5011262,0,0,6992822095121626875
W1,-,MyLinkedList,1000,3,8.5215,5011262,0,0,6992822095121626875
W1,-,MyLinkedList,1000,4,8.2802,5011262,0,0,6992822095121626875
W1,-,MyLinkedList,1000,5,9.1892,5011262,0,0,6992822095121626875
W2,-,MyLinkedList,1000,1,1.4175,750336,0,750836,500
W2,-,MyLinkedList,1000,2,1.2597,750336,0,750836,500
W2,-,MyLinkedList,1000,3,1.2617,750336,0,750836,500
W2,-,MyLinkedList,1000,4,1.3474,750336,0,750836,500
W2,-,MyLinkedList,1000,5,1.5207,750336,0,750836,500
W3,head,MyLinkedList,1000,1,0.053,1000,3000,0,3105197405349694015
W3,head,MyLinkedList,1000,2,0.0416,1000,3000,0,3105197405349694015
W3,head,MyLinkedList,1000,3,0.041,1000,3000,0,3105197405349694015
W3,head,MyLinkedList,1000,4,0.1173,1000,3000,0,3105197405349694015
W3,head,MyLinkedList,1000,5,0.0213,1000,3000,0,3105197405349694015
W3,middle,MyLinkedList,1000,1,1.7048,1001000,3000,0,3105197405349694015
W3,middle,MyLinkedList,1000,2,1.7081,1001000,3000,0,3105197405349694015
W3,middle,MyLinkedList,1000,3,1.6713,1001000,3000,0,3105197405349694015
W3,middle,MyLinkedList,1000,4,1.6718,1001000,3000,0,3105197405349694015
W3,middle,MyLinkedList,1000,5,1.7031,1001000,3000,0,3105197405349694015
W4,-,MinHeap,1000,1,0.1356,29965,19201,17226,3056146041275891418
W4,-,MinHeap,1000,2,0.1251,29965,19201,17226,3056146041275891418
W4,-,MinHeap,1000,3,0.081,29965,19201,17226,3056146041275891418
W4,-,MinHeap,1000,4,0.0727,29965,19201,17226,3056146041275891418
W4,-,MinHeap,1000,5,0.0679,29965,19201,17226,3056146041275891418
W1,-,DynamicArray,10000,1,0.2155,10000,0,0,-8816434449072975724
W1,-,DynamicArray,10000,2,0.2762,10000,0,0,-8816434449072975724
W1,-,DynamicArray,10000,3,0.2174,10000,0,0,-8816434449072975724
W1,-,DynamicArray,10000,4,0.2015,10000,0,0,-8816434449072975724
W1,-,DynamicArray,10000,5,0.1989,10000,0,0,-8816434449072975724
W2,-,DynamicArray,10000,1,7.1395,7529336,0,7529336,500
W2,-,DynamicArray,10000,2,7.3343,7529336,0,7529336,500
W2,-,DynamicArray,10000,3,6.8605,7529336,0,7529336,500
W2,-,DynamicArray,10000,4,4.1147,7529336,0,7529336,500
W2,-,DynamicArray,10000,5,4.9875,7529336,0,7529336,500
W3,head,DynamicArray,10000,1,12.8423,21000000,20999000,0,3378847180534997212
W3,head,DynamicArray,10000,2,12.6742,21000000,20999000,0,3378847180534997212
W3,head,DynamicArray,10000,3,12.2542,21000000,20999000,0,3378847180534997212
W3,head,DynamicArray,10000,4,12.1081,21000000,20999000,0,3378847180534997212
W3,head,DynamicArray,10000,5,11.7311,21000000,20999000,0,3378847180534997212
W3,middle,DynamicArray,10000,1,6.1372,11000000,10999000,0,3378847180534997212
W3,middle,DynamicArray,10000,2,7.2156,11000000,10999000,0,3378847180534997212
W3,middle,DynamicArray,10000,3,5.9441,11000000,10999000,0,3378847180534997212
W3,middle,DynamicArray,10000,4,5.3713,11000000,10999000,0,3378847180534997212
W3,middle,DynamicArray,10000,5,5.5427,11000000,10999000,0,3378847180534997212
W1,-,MyLinkedList,10000,1,91.6765,50178951,0,0,-8816434449072975724
W1,-,MyLinkedList,10000,2,91.8249,50178951,0,0,-8816434449072975724
W1,-,MyLinkedList,10000,3,88.8722,50178951,0,0,-8816434449072975724
W1,-,MyLinkedList,10000,4,85.6769,50178951,0,0,-8816434449072975724
W1,-,MyLinkedList,10000,5,88.3243,50178951,0,0,-8816434449072975724
W2,-,MyLinkedList,10000,1,12.8322,7528836,0,7529336,500
W2,-,MyLinkedList,10000,2,13.1939,7528836,0,7529336,500
W2,-,MyLinkedList,10000,3,13.0437,7528836,0,7529336,500
W2,-,MyLinkedList,10000,4,12.9016,7528836,0,7529336,500
W2,-,MyLinkedList,10000,5,12.8056,7528836,0,7529336,500
W3,head,MyLinkedList,10000,1,0.0177,1000,3000,0,3378847180534997212
W3,head,MyLinkedList,10000,2,0.0106,1000,3000,0,3378847180534997212
W3,head,MyLinkedList,10000,3,0.0108,1000,3000,0,3378847180534997212
W3,head,MyLinkedList,10000,4,0.0112,1000,3000,0,3378847180534997212
W3,head,MyLinkedList,10000,5,0.0147,1000,3000,0,3378847180534997212
W3,middle,MyLinkedList,10000,1,17.2375,10001000,3000,0,3378847180534997212
W3,middle,MyLinkedList,10000,2,17.2887,10001000,3000,0,3378847180534997212
W3,middle,MyLinkedList,10000,3,18.6618,10001000,3000,0,3378847180534997212
W3,middle,MyLinkedList,10000,4,21.3142,10001000,3000,0,3378847180534997212
W3,middle,MyLinkedList,10000,5,17.1185,10001000,3000,0,3378847180534997212
W4,-,MinHeap,10000,1,1.2796,406664,265463,239329,-8859498645145312476
W4,-,MinHeap,10000,2,1.214,406664,265463,239329,-8859498645145312476
W4,-,MinHeap,10000,3,1.2361,406664,265463,239329,-8859498645145312476
W4,-,MinHeap,10000,4,1.3558,406664,265463,239329,-8859498645145312476
W4,-,MinHeap,10000,5,1.216,406664,265463,239329,-8859498645145312476
W1,-,DynamicArray,100000,1,0.0595,10000,0,0,-5752955091469330941
W1,-,DynamicArray,100000,2,0.0597,10000,0,0,-5752955091469330941
W1,-,DynamicArray,100000,3,0.0399,10000,0,0,-5752955091469330941
W1,-,DynamicArray,100000,4,0.0426,10000,0,0,-5752955091469330941
W1,-,DynamicArray,100000,5,0.0457,10000,0,0,-5752955091469330941
W2,-,DynamicArray,100000,1,56.8492,73835543,0,73835543,500
W2,-,DynamicArray,100000,2,45.7042,73835543,0,73835543,500
W2,-,DynamicArray,100000,3,61.9323,73835543,0,73835543,500
W2,-,DynamicArray,100000,4,59.8173,73835543,0,73835543,500
W2,-,DynamicArray,100000,5,56.5655,73835543,0,73835543,500
W3,head,DynamicArray,100000,1,102.1956,201000000,200999000,0,-9105646804797603233
W3,head,DynamicArray,100000,2,126.1247,201000000,200999000,0,-9105646804797603233
W3,head,DynamicArray,100000,3,130.8338,201000000,200999000,0,-9105646804797603233
W3,head,DynamicArray,100000,4,100.4071,201000000,200999000,0,-9105646804797603233
W3,head,DynamicArray,100000,5,97.7786,201000000,200999000,0,-9105646804797603233
W3,middle,DynamicArray,100000,1,48.6328,101000000,100999000,0,-9105646804797603233
W3,middle,DynamicArray,100000,2,47.6041,101000000,100999000,0,-9105646804797603233
W3,middle,DynamicArray,100000,3,45.5695,101000000,100999000,0,-9105646804797603233
W3,middle,DynamicArray,100000,4,57.3611,101000000,100999000,0,-9105646804797603233
W3,middle,DynamicArray,100000,5,54.4146,101000000,100999000,0,-9105646804797603233
W1,-,MyLinkedList,100000,1,911.6574,504930938,0,0,-5752955091469330941
W1,-,MyLinkedList,100000,2,898.7676,504930938,0,0,-5752955091469330941
W1,-,MyLinkedList,100000,3,911.5474,504930938,0,0,-5752955091469330941
W1,-,MyLinkedList,100000,4,895.7966,504930938,0,0,-5752955091469330941
W1,-,MyLinkedList,100000,5,879.7548,504930938,0,0,-5752955091469330941
W2,-,MyLinkedList,100000,1,146.0332,73835043,0,73835543,500
W2,-,MyLinkedList,100000,2,143.4681,73835043,0,73835543,500
W2,-,MyLinkedList,100000,3,137.9094,73835043,0,73835543,500
W2,-,MyLinkedList,100000,4,141.2453,73835043,0,73835543,500
W2,-,MyLinkedList,100000,5,143.8257,73835043,0,73835543,500
W3,head,MyLinkedList,100000,1,0.0139,1000,3000,0,-9105646804797603233
W3,head,MyLinkedList,100000,2,0.0107,1000,3000,0,-9105646804797603233
W3,head,MyLinkedList,100000,3,0.011,1000,3000,0,-9105646804797603233
W3,head,MyLinkedList,100000,4,0.0103,1000,3000,0,-9105646804797603233
W3,head,MyLinkedList,100000,5,0.0146,1000,3000,0,-9105646804797603233
W3,middle,MyLinkedList,100000,1,174.2919,100001000,3000,0,-9105646804797603233
W3,middle,MyLinkedList,100000,2,172.732,100001000,3000,0,-9105646804797603233
W3,middle,MyLinkedList,100000,3,176.8489,100001000,3000,0,-9105646804797603233
W3,middle,MyLinkedList,100000,4,179.9284,100001000,3000,0,-9105646804797603233
W3,middle,MyLinkedList,100000,5,174.9509,100001000,3000,0,-9105646804797603233
W4,-,MinHeap,100000,1,20.6411,5033579,3287415,3059125,-1727312534772801492
W4,-,MinHeap,100000,2,19.6597,5033579,3287415,3059125,-1727312534772801492
W4,-,MinHeap,100000,3,25.9091,5033579,3287415,3059125,-1727312534772801492
W4,-,MinHeap,100000,4,19.3664,5033579,3287415,3059125,-1727312534772801492
W4,-,MinHeap,100000,5,18.4017,5033579,3287415,3059125,-1727312534772801492
