workload,variant,structure,n,time_ms,steps,moves,comparisons
W1,-,DynamicArray,100,0.0814,10000,0,0
W2,-,DynamicArray,100,0.0936,75375,0,75375
W3,head,DynamicArray,100,0.5246,1201920,1200920,0
W3,middle,DynamicArray,100,0.4113,1101920,1100920,0
W1,-,MyLinkedList,100,0.6483,501327,0,0
W2,-,MyLinkedList,100,0.1454,74875,0,75375
W3,head,MyLinkedList,100,0.034,1000,3000,0
W3,middle,MyLinkedList,100,0.205,101000,3000,0
W4,-,MinHeap,100,0.0059,1964,1229,1035
W1,-,DynamicArray,1000,0.0815,10000,0,0
W2,-,DynamicArray,1000,0.468,750836,0,750836
W3,head,DynamicArray,1000,1.8544,3001024,3000024,0
W3,middle,DynamicArray,1000,1.2875,2001024,2000024,0
W1,-,MyLinkedList,1000,9.1892,5011262,0,0
W2,-,MyLinkedList,1000,1.3474,750336,0,750836
W3,head,MyLinkedList,1000,0.0416,1000,3000,0
W3,middle,MyLinkedList,1000,1.7031,1001000,3000,0
W4,-,MinHeap,1000,0.081,29965,19201,17226
W1,-,DynamicArray,10000,0.2155,10000,0,0
W2,-,DynamicArray,10000,6.8605,7529336,0,7529336
W3,head,DynamicArray,10000,12.2542,21000000,20999000,0
W3,middle,DynamicArray,10000,5.9441,11000000,10999000,0
W1,-,MyLinkedList,10000,88.8722,50178951,0,0
W2,-,MyLinkedList,10000,12.9016,7528836,0,7529336
W3,head,MyLinkedList,10000,0.0112,1000,3000,0
W3,middle,MyLinkedList,10000,17.2887,10001000,3000,0
W4,-,MinHeap,10000,1.2361,406664,265463,239329
W1,-,DynamicArray,100000,0.0457,10000,0,0
W2,-,DynamicArray,100000,56.8492,73835543,0,73835543
W3,head,DynamicArray,100000,102.1956,201000000,200999000,0
W3,middle,DynamicArray,100000,48.6328,101000000,100999000,0
W1,-,MyLinkedList,100000,898.7676,504930938,0,0
W2,-,MyLinkedList,100000,143.4681,73835043,0,73835543
W3,head,MyLinkedList,100000,0.011,1000,3000,0
W3,middle,MyLinkedList,100000,174.9509,100001000,3000,0
W4,-,MinHeap,100000,19.6597,5033579,3287415,3059125
